ID группы,Группа,Ключ,Частота,KD,CPC low,CPC high,Тип ключа
1,Парсер Сайтов,парсер сайтов,3239,0,0,0,
1,Парсер Сайтов,парсер для сайта кудель,5,0,0,0,
2,Облачный Парсер,облачный парсер,2595,0,0,0,
2,Облачный Парсер,облачный парсер сайтов,467,0,0,0,
2,Облачный Парсер,облачный парсер бесплатно,113,0,0,0,
2,Облачный Парсер,облачный парсер товаров,32,0,0,0,
2,Облачный Парсер,промокод облачный парсер,13,0,0,0,
2,Облачный Парсер,облачный парсер ъ,5,0,0,0,
3,Бесплатный Парсер,бесплатный парсер,1942,0,0,0,
3,Бесплатный Парсер,бесплатный парсер сайтов,207,0,0,0,
3,Бесплатный Парсер,бесплатные парсеры яндекс,66,0,0,0,
3,Бесплатный Парсер,бесплатный телеграмм парсер,65,0,0,0,
3,Бесплатный Парсер,бесплатный онлайн парсер сайтов бесплатно,21,0,0,0,
3,Бесплатный Парсер,бесплатный парсер сайта авито,9,0,0,0,
3,Бесплатный Парсер,бесплатный парсер для валдберис,5,0,0,0,
4,Парсер Авито,парсер авито,2005,0,0,0,
4,Парсер Авито,парсер авито бесплатно,179,0,0,0,
4,Парсер Авито,парсер авито на python,36,0,0,0,
4,Парсер Авито,парсер удочка авито,10,0,0,0,
5,Парсер Вк,парсер вк,1487,0,0,0,
5,Парсер Вк,парсер вк бесплатно,241,0,0,0,
5,Парсер Вк,парсер клипов вк,5,0,0,0,
6,Парсер Официальный Сайт,парсер официальный сайт,576,0,0,0,
6,Парсер Официальный Сайт,облачный парсер официальный,471,0,0,0,
6,Парсер Официальный Сайт,облачный парсер официальный сайт,455,0,0,0,
6,Парсер Официальный Сайт,турбо парсер официальный,90,0,0,0,
6,Парсер Официальный Сайт,турбо парсер официальный сайт,84,0,0,0,
7,Парсер Онлайн,парсер онлайн,1165,0,0,0,
7,Парсер Онлайн,парсер онлайн бесплатно,135,0,0,0,
7,Парсер Онлайн,парсер сайтов онлайн,134,0,0,0,
7,Парсер Онлайн,парсер авито онлайн,55,0,0,0,
7,Парсер Онлайн,яндекс парсер онлайн,37,0,0,0,
7,Парсер Онлайн,парсер вк онлайн,19,0,0,0,
7,Парсер Онлайн,парсер онлайн телеграм,9,0,0,0,
7,Парсер Онлайн,парсер авито бесплатно онлайн,8,0,0,0,
8,Парсер Тг,парсер тг,825,0,0,0,
8,Парсер Тг,парсер тг каналов,201,0,0,0,видео
8,Парсер Тг,парсер тг чатов,145,0,0,0,
8,Парсер Тг,парсер тг бот,122,0,0,0,
8,Парсер Тг,бесплатный парсер тг,68,0,0,0,
8,Парсер Тг,парсер тг каналов бесплатно,35,0,0,0,видео
8,Парсер Тг,парсер групп в тг,15,0,0,0,
8,Парсер Тг,парсер тг каналов python,15,0,0,0,видео
8,Парсер Тг,парсер авито тг,12,0,0,0,
8,Парсер Тг,парсер тг чатов бесплатно,8,0,0,0,
8,Парсер Тг,парсер авито с уведомлением в тг,5,0,0,0,
9,Парсер Бот,парсер бот,797,0,0,0,
9,Парсер Бот,бот парсер телеграм,149,0,0,0,
9,Парсер Бот,python бот парсер,104,0,0,0,
9,Парсер Бот,чат бот парсер,89,0,0,0,
9,Парсер Бот,бот парсер для телеграмма,70,0,0,0,
9,Парсер Бот,парсер бот сайт,57,0,0,0,
9,Парсер Бот,бесплатный парсер бот,32,0,0,0,
9,Парсер Бот,бот парсер вк,28,0,0,0,
9,Парсер Бот,бот парсер авито,21,0,0,0,
9,Парсер Бот,телеграм бот парсер на python,19,0,0,0,
9,Парсер Бот,парсер чатов телеграмм бот,12,0,0,0,
9,Парсер Бот,бот парсер для телеграмма python,11,0,0,0,
9,Парсер Бот,телеграм бот парсер сайта,6,0,0,0,
10,Парсер Запросов,парсер запросов,605,0,0,0,
10,Парсер Запросов,парсер не отвечает на запрос,422,0,0,0,
10,Парсер Запросов,парсер не отвечает на запрос lampa,191,0,0,0,
10,Парсер Запросов,лампа парсер не отвечает на запрос,70,0,0,0,
10,Парсер Запросов,парсер запросов яндекса,9,0,0,0,
11,Парсер Чатов,парсер чатов,744,0,0,0,
11,Парсер Чатов,парсер чатов телеграмм,215,0,0,0,
11,Парсер Чатов,бесплатный парсер чатов,68,0,0,0,
11,Парсер Чатов,парсер чатов в телеграм,42,0,0,0,
11,Парсер Чатов,скачать парсер чатов,28,0,0,0,
11,Парсер Чатов,парсер чатов телеграм бесплатно,23,0,0,0,
11,Парсер Чатов,парсер чатов телеграмм бесплатно,16,0,0,0,
11,Парсер Чатов,парсер чатов вк,13,0,0,0,
11,Парсер Чатов,парсер телеграм чатов скачать,9,0,0,0,
11,Парсер Чатов,парсер чатов телеграмм python,8,0,0,0,
12,Парсер Телеграм,парсер телеграм,1002,0,0,0,
12,Парсер Телеграм,парсер телеграм python,85,0,0,0,
12,Парсер Телеграм,телеграм парсер бесплатно,65,0,0,0,
12,Парсер Телеграм,парсер авито телеграм,9,0,0,0,
13,Парсер Каналы,парсер каналы,630,0,0,0,видео
13,Парсер Каналы,парсер телеграм каналов,189,0,0,0,видео
13,Парсер Каналы,парсер телеграмма каналов,145,0,0,0,видео
13,Парсер Каналы,бесплатный парсер каналов,73,0,0,0,видео
13,Парсер Каналы,бот парсер каналов,29,0,0,0,видео
13,Парсер Каналы,парсер телеграм каналов python,23,0,0,0,видео
13,Парсер Каналы,парсер телеграм каналов бесплатно,20,0,0,0,видео
13,Парсер Каналы,парсер телеграмм каналов бесплатно,14,0,0,0,видео
13,Парсер Каналы,парсер телеграмм каналов на python,14,0,0,0,видео
14,Парсер На Python,парсер на python,929,0,0,0,
14,Парсер На Python,парсер сайта на python,168,0,0,0,
14,Парсер На Python,создание парсера на python,16,0,0,0,
15,Парсер Скачать,парсер скачать,747,0,0,0,
15,Парсер Скачать,парсер скачать бесплатно,132,0,0,0,
15,Парсер Скачать,парсер сайта скачать,78,0,0,0,
15,Парсер Скачать,парсер яндекса скачать,32,0,0,0,
15,Парсер Скачать,скачать парсер сайтов бесплатно,30,0,0,0,
15,Парсер Скачать,парсер авито скачать,22,0,0,0,
15,Парсер Скачать,парсер яндекса скачать бесплатно,14,0,0,0,
15,Парсер Скачать,скачать парсер телеграм,12,0,0,0,
16,Парсер Цен,парсер цен,613,0,0,0,продающие
16,Парсер Цен,купить парсер,219,0,0,0,продающие
16,Парсер Цен,парсер цен на маркетплейсах,59,0,0,0,продающие
16,Парсер Цен,парсер яндекс цен,38,0,0,0,продающие
16,Парсер Цен,парсер цен сайтов,32,0,0,0,продающие
16,Парсер Цен,парсер цен авито,28,0,0,0,продающие
16,Парсер Цен,парсер стоимость,17,0,0,0,продающие
16,Парсер Цен,купить парсер авито,16,0,0,0,продающие
16,Парсер Цен,парсер цен бесплатно,16,0,0,0,продающие
16,Парсер Цен,python парсер цен,15,0,0,0,продающие
16,Парсер Цен,мониторинг цен парсер,9,0,0,0,продающие
17,Яндекс Парсер,яндекс парсер,1022,0,0,0,
17,Яндекс Парсер,парсер яндекс афиши,12,0,0,0,
18,Парсер Карт,парсер карт,524,0,0,0,
18,Парсер Карт,парсер яндекс карт,425,0,0,0,
18,Парсер Карт,парсер яндекс карт бесплатно,40,0,0,0,
18,Парсер Карт,парсер яндекс карт онлайн,15,0,0,0,
18,Парсер Карт,парсер яндекс карт скачать,13,0,0,0,
18,Парсер Карт,парсер 2 гис карт,9,0,0,0,
18,Парсер Карт,парсер адреса на яндекс карт,8,0,0,0,
19,Парсер Телеграмм,парсер телеграмм,943,0,0,0,
19,Парсер Телеграмм,парсер телеграмм python,49,0,0,0,
20,Парсер Гис,парсер гис,420,0,0,0,
20,Парсер Гис,парсер 2 гис,379,0,0,0,
20,Парсер Гис,парсер 2 гис бесплатно,70,0,0,0,
20,Парсер Гис,парсер 2 гис скачать,37,0,0,0,
20,Парсер Гис,парсер 2 гис онлайн,30,0,0,0,
20,Парсер Гис,парсер дубль гис,21,0,0,0,
20,Парсер Гис,парсер 2 гис купить,7,0,0,0,продающие
20,Парсер Гис,скачать парсер 2 гис сайтов бесплатно,6,0,0,0,
21,Парсер Для Lampa,парсер для lampa,906,0,0,0,
21,Парсер Для Lampa,viida lampa hisense парсер,6,0,0,0,
22,Парсер Плюс,парсер плюс,744,0,0,0,
22,Парсер Плюс,парсер плюс бесплатно,68,0,0,0,
22,Парсер Плюс,парсер плюс садовод,44,0,0,0,
22,Парсер Плюс,парсер плюс вконтакте,23,0,0,0,
22,Парсер Плюс,парсер плюс садовод вконтакте,23,0,0,0,
23,Парсер 4,парсер 4,472,0,0,0,
23,Парсер 4,парсер плюс 4,271,0,0,0,
23,Парсер 4,парсер 4 плюс садовод,35,0,0,0,
23,Парсер 4,парсер 4 садовод,35,0,0,0,
23,Парсер 4,парсер 4 бесплатно,24,0,0,0,
23,Парсер 4,парсер 4 плюс бесплатного,24,0,0,0,
23,Парсер 4,парсер 4 плюс садовод вконтакте,22,0,0,0,
23,Парсер 4,парсер 4 рлюс,7,0,0,0,
24,Парсер Групп,парсер групп,465,0,0,0,
24,Парсер Групп,парсер групп вк,164,0,0,0,
24,Парсер Групп,бесплатный парсер группу,69,0,0,0,
24,Парсер Групп,парсер телеграм групп,54,0,0,0,
24,Парсер Групп,парсер групп вконтакте,39,0,0,0,
24,Парсер Групп,парсер групп вк бесплатно,36,0,0,0,
24,Парсер Групп,парсер групп в телеграмм,20,0,0,0,
24,Парсер Групп,бесплатный парсер групп вконтакте,11,0,0,0,
24,Парсер Групп,парсер для сборки групп по тематике,5,0,0,0,
25,Парсер Не Отвечает,парсер не отвечает,514,0,0,0,
25,Парсер Не Отвечает,lampa парсер не отвечает,210,0,0,0,
25,Парсер Не Отвечает,лампа парсер не отвечает,97,0,0,0,
25,Парсер Не Отвечает,prisma парсер не отвечает,11,0,0,0,
26,Парсер Ссылок,парсер ссылок,514,0,0,0,
26,Парсер Ссылок,lampa парсер ссылки,90,0,0,0,
26,Парсер Ссылок,ссылка на парсер jackett,58,0,0,0,
26,Парсер Ссылок,ссылка парсера для лампы,37,0,0,0,
26,Парсер Ссылок,ссылка для парсера jackett lampa,35,0,0,0,
26,Парсер Ссылок,парсер ссылок сайта,28,0,0,0,
26,Парсер Ссылок,авито парсер python по ссылке,6,0,0,0,
26,Парсер Ссылок,ссылка на jackett парсер в лампе,5,0,0,0,
27,Парсер Садовод,парсер садовод,485,0,0,0,
27,Парсер Садовод,парсер садовод вконтакте,127,0,0,0,
27,Парсер Садовод,парсер вк садовод,64,0,0,0,
27,Парсер Садовод,вк парсер садовод вконтакте,45,0,0,0,
27,Парсер Садовод,парсер садовод бесплатно,24,0,0,0,
28,Парсер Ключевых,парсер ключевых,264,0,0,0,
28,Парсер Ключевых,парсер ключевых слов,254,0,0,0,
28,Парсер Ключевых,парсер чатов по ключевым словам,57,0,0,0,
28,Парсер Ключевых,парсер чатов телеграмм по ключевым словам,48,0,0,0,
28,Парсер Ключевых,парсер ключевых слов яндекс,42,0,0,0,
28,Парсер Ключевых,бесплатный парсер ключевых слов,22,0,0,0,
28,Парсер Ключевых,онлайн парсер ключевых слов,19,0,0,0,
28,Парсер Ключевых,парсер ключевых слов с сайта,12,0,0,0,
28,Парсер Ключевых,парсер ссылок по ключевым словам,6,0,0,0,
28,Парсер Ключевых,скачать парсер ключевых слов,6,0,0,0,
29,Парсер Товаров,парсер товаров,492,0,0,0,
29,Парсер Товаров,парсер товаров с сайта,109,0,0,0,
29,Парсер Товаров,парсер товаров бесплатно,40,0,0,0,
29,Парсер Товаров,бесплатный парсер сайтов товаров,27,0,0,0,
29,Парсер Товаров,python парсер товаров,26,0,0,0,
29,Парсер Товаров,парсер товара вк,17,0,0,0,
29,Парсер Товаров,парсер карточек товаров,9,0,0,0,
30,Парсер Номеров,парсер номеров,498,0,0,0,
30,Парсер Номеров,парсер номеров авито,47,0,0,0,
30,Парсер Номеров,парсер номеров вк,44,0,0,0,
30,Парсер Номеров,парсер номеров с сайтов,41,0,0,0,
30,Парсер Номеров,бесплатный парсер номеров,26,0,0,0,
30,Парсер Номеров,парсер номеров телеграм,13,0,0,0,
30,Парсер Номеров,купить парсер номеров,6,0,0,0,продающие
31,Парсер Слов,парсер слов,526,0,0,0,
31,Парсер Слов,парсер слов яндекс,43,0,0,0,
31,Парсер Слов,парсер слов бесплатно,23,0,0,0,
31,Парсер Слов,парсер слов онлайн,20,0,0,0,
31,Парсер Слов,парсер слов скачать,6,0,0,0,
32,Парсер Json,парсер json,491,0,0,0,
32,Парсер Json,json парсер онлайн,73,0,0,0,
32,Парсер Json,парсер json python,27,0,0,0,
32,Парсер Json,парсер json c,16,0,0,0,
32,Парсер Json,парсер json littlefs esp8266,7,0,0,0,
33,Турбо Парсер,турбо парсер,471,0,0,0,
33,Турбо Парсер,турбо парсер сайтов,87,0,0,0,
33,Турбо Парсер,турбо парсер не работает,29,0,0,0,
33,Турбо Парсер,турбо парсер бесплатно,10,0,0,0,
34,Парсер Телефонов,парсер телефонов,296,0,0,0,
34,Парсер Телефонов,парсер номеров телефонов,167,0,0,0,
34,Парсер Телефонов,парсер телефонов авито,33,0,0,0,
34,Парсер Телефонов,парсер телефонов сайтов,33,0,0,0,
34,Парсер Телефонов,бесплатные парсеры телефонов,22,0,0,0,
34,Парсер Телефонов,парсер номеров телефонов с сайта,20,0,0,0,
34,Парсер Телефонов,парсер номеров телефонов авито,12,0,0,0,
34,Парсер Телефонов,парсер который собирает номера с номера телефона,7,0,0,0,
35,Как Сделать Парсер,как сделать парсер,396,0,0,0,вопрос
35,Как Сделать Парсер,как сделать парсер сайта,77,0,0,0,вопрос
35,Как Сделать Парсер,как сделать парсер на python,47,0,0,0,вопрос
35,Как Сделать Парсер,как сделать парсер питон,20,0,0,0,вопрос
35,Как Сделать Парсер,как сделать парсер сайта в excel,19,0,0,0,вопрос
35,Как Сделать Парсер,как сделать парсер сайта на python,12,0,0,0,вопрос
35,Как Сделать Парсер,как сделать парсер бот для телеграм,6,0,0,0,вопрос
36,Парсер Jackett,парсер jackett,378,0,0,0,
36,Парсер Jackett,парсер jackett для lampa,151,0,0,0,
36,Парсер Jackett,парсер для лампы jackett,32,0,0,0,
37,Парсер 2,парсер 2,547,0,0,0,
37,Парсер 2,парсер стэндофф 2,6,0,0,0,
38,Парсер 2гис,парсер 2гис,427,0,0,0,
38,Парсер 2гис,2гис парсер бесплатно,53,0,0,0,
38,Парсер 2гис,скачать парсер 2гис,37,0,0,0,
38,Парсер 2гис,парсер 2гис онлайн,20,0,0,0,
38,Парсер 2гис,парсер 2гис скачать бесплатно,15,0,0,0,
39,Ошибка Подключения Парсер,ошибка подключения парсер,131,0,0,0,
39,Ошибка Подключения Парсер,ошибка подключения парсер не отвечает,126,0,0,0,
39,Ошибка Подключения Парсер,ошибка подключения парсер не отвечает на запрос,116,0,0,0,
39,Ошибка Подключения Парсер,lampa ошибка подключения парсера,59,0,0,0,
39,Ошибка Подключения Парсер,ошибка подключения парсер не отвечает lampa,59,0,0,0,
39,Ошибка Подключения Парсер,лампа ошибка подключения парсера,29,0,0,0,
39,Ошибка Подключения Парсер,лампа ошибка подключения парсер не отвечает,26,0,0,0,
40,Парсер Инстаграм,парсер инстаграм,434,0,0,0,
40,Парсер Инстаграм,парсер инстаграм бесплатно,61,0,0,0,
40,Парсер Инстаграм,парсер номеров инстаграм,28,0,0,0,
40,Парсер Инстаграм,парсер инстаграм онлайн,14,0,0,0,
41,Парсер Код,парсер код,338,0,0,0,
41,Парсер Код,парсеры python код,89,0,0,0,
41,Парсер Код,код парсера на python телеграм,28,0,0,0,
41,Парсер Код,парсер телеграм чатов код на python,27,0,0,0,
41,Парсер Код,парсер исходного кода,13,0,0,0,
41,Парсер Код,парсер питон код,12,0,0,0,
41,Парсер Код,онлайн парсер кода,11,0,0,0,
41,Парсер Код,парсер сайта код на пайчарм,9,0,0,0,
41,Парсер Код,парсер smm на python код,5,0,0,0,
42,Парсер Озон,парсер озон,355,0,0,0,
42,Парсер Озон,парсер цен озон,73,0,0,0,продающие
42,Парсер Озон,парсер товаров озон,29,0,0,0,
42,Парсер Озон,парсер отзывов озон,28,0,0,0,вопрос
42,Парсер Озон,озон парсер python,14,0,0,0,
42,Парсер Озон,парсер озон бесплатно,8,0,0,0,
43,Как Написать Парсер,как написать парсер,330,0,0,0,вопрос
43,Как Написать Парсер,как написать парсер на python,90,0,0,0,вопрос
43,Как Написать Парсер,как написать парсер на питоне,32,0,0,0,вопрос
43,Как Написать Парсер,как написать парсер для сайта,21,0,0,0,вопрос
43,Как Написать Парсер,написать парсер цена,15,0,0,0,продающие
43,Как Написать Парсер,как написать бота парсера в тг,11,0,0,0,вопрос
44,Xml Парсер,xml парсер,411,0,0,0,
44,Xml Парсер,xml парсер онлайн,39,0,0,0,
44,Xml Парсер,парсер xml файлов,23,0,0,0,
44,Xml Парсер,xml парсер python,15,0,0,0,
45,Ошибка Ошибка Парсера,ошибка ошибка парсера,388,0,0,0,
45,Ошибка Ошибка Парсера,lampa ошибка парсера,63,0,0,0,
45,Ошибка Ошибка Парсера,фатальная ошибка парсера,24,0,0,0,
46,Парсер Файлов,парсер файлов,384,0,0,0,
46,Парсер Файлов,парсер файлов сайта,38,0,0,0,
46,Парсер Файлов,python парсер файла,34,0,0,0,
46,Парсер Файлов,парсер для файлов ods,9,0,0,0,
46,Парсер Файлов,парсер исполняемых файлов,6,0,0,0,
47,Рабочий Парсер,рабочий парсер,228,0,0,0,
47,Рабочий Парсер,рабочий парсер для лампы,84,0,0,0,
47,Рабочий Парсер,lampa рабочий парсер,75,0,0,0,
47,Рабочий Парсер,рабочий парсер 2024,21,0,0,0,
47,Рабочий Парсер,рабочий парсер jackett для lampa,16,0,0,0,
47,Рабочий Парсер,рабочий парсер для lampa 2024,11,0,0,0,
47,Рабочий Парсер,рабочие парсеры лампы 2024,9,0,0,0,
47,Рабочий Парсер,рабочий парсер jackett для lampa телеграм,5,0,0,0,
48,Программа Парсер,программа парсер,334,0,0,0,
48,Программа Парсер,программа парсер сайтов,52,0,0,0,
48,Программа Парсер,скачать программу парсер,21,0,0,0,
48,Программа Парсер,бесплатные парсер программы,18,0,0,0,
48,Программа Парсер,парсер для телеграмма программа бесплатно,10,0,0,0,
48,Программа Парсер,программа парсер групп вконтакте,8,0,0,0,
49,Парсер Вконтакте,парсер вконтакте,374,0,0,0,
49,Парсер Вконтакте,бесплатный парсер вконтакте,58,0,0,0,
50,Адрес Парсера,адрес парсера,294,0,0,0,
50,Адрес Парсера,парсер лампа адрес,33,0,0,0,
50,Адрес Парсера,парсер адресов сайтов,32,0,0,0,
50,Адрес Парсера,адрес парсера для lampa,29,0,0,0,
50,Адрес Парсера,парсер электронных адресов,27,0,0,0,
50,Адрес Парсера,адрес парсера jackett,16,0,0,0,
51,Парсер Объявлений,парсер объявлений,247,0,0,0,
51,Парсер Объявлений,парсер объявлений авито,153,0,0,0,
51,Парсер Объявлений,бесплатный парсер объявлений авито,14,0,0,0,
51,Парсер Объявлений,парсер объявлений недвижимости,9,0,0,0,
51,Парсер Объявлений,парсер объявлений авито недвижимость,7,0,0,0,
52,Парсер Ru,парсер ru,416,0,0,0,
52,Парсер Ru,парсер goldapple ru,8,0,0,0,
53,Парсер Рум,парсер рум,184,0,0,0,
53,Парсер Рум,шоу рум парсер,184,0,0,0,
53,Парсер Рум,шоу рум парсер садовод,39,0,0,0,
54,Маркет Парсер,маркет парсер,220,0,0,0,
54,Маркет Парсер,парсер яндекс маркет,127,0,0,0,
54,Маркет Парсер,парсер цен яндекс маркет,31,0,0,0,продающие
54,Маркет Парсер,парсер товаров яндекс маркет,15,0,0,0,
54,Маркет Парсер,парсер яндекс маркета питон,11,0,0,0,
55,Парсер Excel,парсер excel,213,0,0,0,
55,Парсер Excel,excel парсер сайт,91,0,0,0,
55,Парсер Excel,парсер данных в excel,39,0,0,0,
55,Парсер Excel,парсер данных с сайта в excel,34,0,0,0,
55,Парсер Excel,парсер сайта в excel бесплатно,12,0,0,0,
55,Парсер Excel,парсер xml в excel,8,0,0,0,
55,Парсер Excel,парсер excel python,5,0,0,0,
56,Парсер На Питоне,парсер на питоне,332,0,0,0,
56,Парсер На Питоне,парсер сайта питон,42,0,0,0,
56,Парсер На Питоне,парсер яндекс питон,19,0,0,0,
56,Парсер На Питоне,парсер авито питон,8,0,0,0,
57,Парсер Страницы,парсер страницы,304,0,0,0,
57,Парсер Страницы,парсер страниц сайта,58,0,0,0,
57,Парсер Страницы,парсер вк страниц,20,0,0,0,
57,Парсер Страницы,python парсер страниц,16,0,0,0,
58,Парсер Фото,парсер фото,293,0,0,0,Картинки
58,Парсер Фото,парсер фото вк,39,0,0,0,Картинки
58,Парсер Фото,парсер фото с сайта,33,0,0,0,Картинки
58,Парсер Фото,парсер фотографий,19,0,0,0,
58,Парсер Фото,парсер фото вк бесплатно,7,0,0,0,Картинки
59,Парсер Шоурум,парсер шоурум,253,0,0,0,
59,Парсер Шоурум,шоурум парсер садовод,99,0,0,0,
59,Парсер Шоурум,парсер шоурум вконтакте,14,0,0,0,
59,Парсер Шоурум,шоурум парсер садовод вконтакте,14,0,0,0,
59,Парсер Шоурум,парсер шоурум вк,10,0,0,0,
60,Парсер 24,парсер 24,316,0,0,0,
60,Парсер 24,парсер 24 онлайн,39,0,0,0,
60,Парсер 24,парсер 24 авито,29,0,0,0,
61,Jacred Парсер,jacred парсер,161,0,0,0,
61,Jacred Парсер,парсер jacred не отвечает,94,0,0,0,
61,Jacred Парсер,парсер не отвечает на запрос jacred,78,0,0,0,
61,Jacred Парсер,jacred ru парсер,27,0,0,0,
61,Jacred Парсер,jacred ru парсер не отвечает,21,0,0,0,
62,Лучшие Парсеры,лучшие парсеры,287,0,0,0,
62,Лучшие Парсеры,лучший парсер сайтов,28,0,0,0,
62,Лучшие Парсеры,лучший парсер для lampa,23,0,0,0,
62,Лучшие Парсеры,лучший парсер авито,18,0,0,0,
62,Лучшие Парсеры,лучший парсер недвижимости,7,0,0,0,
63,Парсер Hh,парсер hh,194,0,0,0,
63,Парсер Hh,парсер hh ru,105,0,0,0,
63,Парсер Hh,парсер hh python,24,0,0,0,
63,Парсер Hh,парсер hh ru python,18,0,0,0,
63,Парсер Hh,парсер с hh бесплатно,6,0,0,0,
64,Парсер Лампа 2025,парсер лампа 2025,157,0,0,0,
64,Парсер Лампа 2025,парсер для lampa 2025,130,0,0,0,
64,Парсер Лампа 2025,рабочий парсер для лампы 2025,30,0,0,0,
64,Парсер Лампа 2025,парсер инстаграм 2025,16,0,0,0,
64,Парсер Лампа 2025,парсер аудитории инстаграм 2025,8,0,0,0,
64,Парсер Лампа 2025,рабочие парсеры для lampa 2025,5,0,0,0,
65,Парсер Новостей,парсер новостей,244,0,0,0,
65,Парсер Новостей,парсер новостей на python,27,0,0,0,
65,Парсер Новостей,парсер новостей в телеграмм,24,0,0,0,
65,Парсер Новостей,парсер новостей сайта,21,0,0,0,
65,Парсер Новостей,парсер новостей по ключевым словам,11,0,0,0,
65,Парсер Новостей,парсер новостей фондового рынка,8,0,0,0,
66,Парсер Отзывов,парсер отзывов,269,0,0,0,вопрос
66,Парсер Отзывов,парсер яндекс отзывов,33,0,0,0,вопрос
66,Парсер Отзывов,парсер отзывов с яндекс карт,16,0,0,0,вопрос
66,Парсер Отзывов,парсер отзывов отзовик,14,0,0,0,вопрос
67,Парсер Контактов,парсер контактов,265,0,0,0,
67,Парсер Контактов,парсер контактов с сайтов,36,0,0,0,
67,Парсер Контактов,парсер контактов телеграмм,13,0,0,0,
67,Парсер Контактов,парсер контактов с номера телефона,9,0,0,0,
67,Парсер Контактов,парсер контактов яндекс карт,7,0,0,0,
68,Парсер Html,парсер html,246,0,0,0,
68,Парсер Html,python парсер html,28,0,0,0,
68,Парсер Html,парсер html онлайн,27,0,0,0,
68,Парсер Html,парсер html сайта,16,0,0,0,
68,Парсер Html,парсер html c,8,0,0,0,
69,Парсер База,парсер база,222,0,0,0,
69,Парсер База,парсер баз данных,65,0,0,0,
69,Парсер База,база садовод парсер,24,0,0,0,
69,Парсер База,база 2 гис парсер онлайн,13,0,0,0,
70,Jacket Парсер,jacket парсер,184,0,0,0,
70,Jacket Парсер,jacket парсер lampa,79,0,0,0,
70,Jacket Парсер,лампа парсер jacket,24,0,0,0,
70,Jacket Парсер,ссылка для парсера jacket,21,0,0,0,
70,Jacket Парсер,парсер для lampa jackett jacket,9,0,0,0,
71,Парсер Торрентов,парсер торрентов,240,0,0,0,
71,Парсер Торрентов,парсер торрентов для lampa,46,0,0,0,
71,Парсер Торрентов,парсер для торрентов лампа,26,0,0,0,
72,Парсер Аудитории,парсер аудитории,189,0,0,0,
72,Парсер Аудитории,парсер аудитории инстаграм,38,0,0,0,
72,Парсер Аудитории,парсер аудитории вк,27,0,0,0,
72,Парсер Аудитории,парсер целевой аудитории,22,0,0,0,
72,Парсер Аудитории,парсер аудитории вконтакте,16,0,0,0,
72,Парсер Аудитории,парсер аудитории телеграмм,14,0,0,0,
73,Парсер Постов,парсер постов,173,0,0,0,
73,Парсер Постов,парсер постов телеграм,39,0,0,0,
73,Парсер Постов,парсер постов вк,36,0,0,0,
73,Парсер Постов,парсер постов тг,23,0,0,0,
73,Парсер Постов,парсер постов телеграмм,17,0,0,0,
73,Парсер Постов,парсер постов телеграмм каналов,12,0,0,0,видео
74,Парсер 1с,парсер 1с,220,0,0,0,
74,Парсер 1с,парсер xml 1с,23,0,0,0,
74,Парсер 1с,парсер 1с json,20,0,0,0,
74,Парсер 1с,парсер сайтов 1с,19,0,0,0,
74,Парсер 1с,1с парсер цен,7,0,0,0,продающие
74,Парсер 1с,1с парсер json запрос,6,0,0,0,
75,Сбор Парсер,сбор парсер,219,0,0,0,
75,Сбор Парсер,парсер сбора данных,74,0,0,0,
76,Парсер Конкурентов,парсер конкурентов,177,0,0,0,
76,Парсер Конкурентов,парсер цен конкурентов,53,0,0,0,продающие
76,Парсер Конкурентов,парсер сайтов конкурентов,31,0,0,0,
76,Парсер Конкурентов,парсер конкурентов авито,23,0,0,0,
77,Парсер Хантер,парсер хантер,138,0,0,0,
77,Парсер Хантер,парсер таргет хантер,128,0,0,0,
77,Парсер Хантер,парсер таргет хантер бесплатно,15,0,0,0,
78,Плагин Парсер,плагин парсер,196,0,0,0,
78,Плагин Парсер,плагин для парсера лампа,34,0,0,0,
78,Плагин Парсер,плагин парсер для lampa,34,0,0,0,
78,Плагин Парсер,рабочий плагин для парсера лампа,6,0,0,0,
79,Парсер Участников,парсер участников,97,0,0,0,
79,Парсер Участников,парсер участников группы,42,0,0,0,
79,Парсер Участников,парсер участников телеграмм,40,0,0,0,
79,Парсер Участников,парсер участников чата,29,0,0,0,
79,Парсер Участников,парсер участников чата телеграмм,21,0,0,0,
79,Парсер Участников,парсер участников группы телеграмм,17,0,0,0,
79,Парсер Участников,парсер участников телеграм,12,0,0,0,
79,Парсер Участников,парсер участников группы вк,10,0,0,0,
80,Язык Парсере,язык парсере,251,0,0,0,
80,Язык Парсере,парсер на каком языке,17,0,0,0,
81,Lampa Настройка Парсера,lampa настройка парсера,153,0,0,0,
81,Lampa Настройка Парсера,настройка парсера в лампе,49,0,0,0,
81,Lampa Настройка Парсера,настройка парсера jackett,32,0,0,0,
81,Lampa Настройка Парсера,jackett lampa настройка парсера,21,0,0,0,
81,Lampa Настройка Парсера,настройка парсера в лампе 2024,6,0,0,0,
82,Парсер Картинок,парсер картинок,200,0,0,0,Картинки
82,Парсер Картинок,парсер картинок с сайта,37,0,0,0,Картинки
82,Парсер Картинок,парсер картинок по ссылкам,12,0,0,0,Картинки
82,Парсер Картинок,парсер картинок с яндекса,7,0,0,0,Картинки
83,Веб Парсер,веб парсер,179,0,0,0,
83,Веб Парсер,парсер веб страниц,56,0,0,0,
83,Веб Парсер,булат закиров парсеры веб приложения django,15,0,0,0,
84,Приложение Парсера,приложение парсера,205,0,0,0,
84,Приложение Парсера,lampa приложение парсер,26,0,0,0,
84,Приложение Парсера,приложение лампа парсер не отвечает,11,0,0,0,
84,Приложение Парсера,авито приложение парсер,6,0,0,0,
85,Парсер Интернета,парсер интернета,119,0,0,0,
85,Парсер Интернета,парсер интернет магазинов,82,0,0,0,продающие
85,Парсер Интернета,парсер товаров интернет магазинов,30,0,0,0,продающие
85,Парсер Интернета,парсер цен интернет магазинов,7,0,0,0,продающие
85,Парсер Интернета,наполнение интернет магазина товарами парсер,5,0,0,0,продающие
86,Парсер Данных С Сайта,парсер данных с сайта,148,0,0,0,
86,Парсер Данных С Сайта,python парсер данных,53,0,0,0,
86,Парсер Данных С Сайта,бесплатный парсер данных,13,0,0,0,
86,Парсер Данных С Сайта,парсер собрать данные,12,0,0,0,
86,Парсер Данных С Сайта,парсер данных с сайта на python,9,0,0,0,
87,Парсер Telegram,парсер telegram,156,0,0,0,
87,Парсер Telegram,python telegram парсер,41,0,0,0,
87,Парсер Telegram,парсер каналов telegram,16,0,0,0,видео
87,Парсер Telegram,telegram soft парсер,8,0,0,0,
87,Парсер Telegram,python парсер в telegram бот,7,0,0,0,
87,Парсер Telegram,парсер чатов telegram,5,0,0,0,
88,Парсер Недвижимости,парсер недвижимости,189,0,0,0,
88,Парсер Недвижимости,парсер авито недвижимость,36,0,0,0,
88,Парсер Недвижимости,недвижимость бесплатный парсер,8,0,0,0,
89,Парсер Github,парсер github,204,0,0,0,
89,Парсер Github,парсер авито github,13,0,0,0,
89,Парсер Github,парсер email адресов с сайта github,6,0,0,0,
90,Парсер Пользователей,парсер пользователей,164,0,0,0,
90,Парсер Пользователей,парсер пользователей вк,26,0,0,0,
90,Парсер Пользователей,парсер пользователей телеграмм,16,0,0,0,
90,Парсер Пользователей,парсер пользователей вконтакте,13,0,0,0,
91,Парсер Почты,парсер почты,194,0,0,0,
91,Парсер Почты,парсер почт с сайтов,17,0,0,0,
91,Парсер Почты,парсер контактов из яндекс почты,6,0,0,0,
92,Парсер Подписчиков,парсер подписчиков,137,0,0,0,
92,Парсер Подписчиков,парсер подписчиков инстаграм,33,0,0,0,
92,Парсер Подписчиков,парсер подписчиков вк,29,0,0,0,
92,Парсер Подписчиков,парсер подписчиков в телеграм,16,0,0,0,
93,Кроссаут Парсеры,кроссаут парсеры,112,0,0,0,
93,Кроссаут Парсеры,парсер логов кроссаут,97,0,0,0,
94,Парсер Wildberries,парсер wildberries,153,0,0,0,
94,Парсер Wildberries,парсер wildberries python,25,0,0,0,
94,Парсер Wildberries,парсер отзывов wildberries,19,0,0,0,вопрос
94,Парсер Wildberries,парсер цен wildberries,11,0,0,0,продающие
95,Таргет Парсер,таргет парсер,198,0,0,0,
95,Таргет Парсер,таргет парсер вк,10,0,0,0,
96,Вакансия Парсер,вакансия парсер,92,0,0,0,
96,Вакансия Парсер,парсер hh вакансии,59,0,0,0,
96,Вакансия Парсер,парсер вакансий hh ru,40,0,0,0,
96,Вакансия Парсер,парсер вакансий hh ru на python,6,0,0,0,
96,Вакансия Парсер,парсер вакансий с hh ru скачать бесплатно,6,0,0,0,
97,Парсеры Информации,парсеры информации,164,0,0,0,
97,Парсеры Информации,парсер информации с сайта,34,0,0,0,
98,Парсер Поиска,парсер поиска,186,0,0,0,
98,Парсер Поиска,парсер по поиску подарков в тг,6,0,0,0,
99,Парсер Текста,парсер текста,159,0,0,0,
99,Парсер Текста,парсеры текстов сайта,17,0,0,0,
99,Парсер Текста,парсер текста онлайн,16,0,0,0,
100,Парсер Комментариев,парсер комментариев,139,0,0,0,
100,Парсер Комментариев,парсер комментариев телеграмм,21,0,0,0,
100,Парсер Комментариев,парсер каналов с открытыми комментариями,18,0,0,0,видео
100,Парсер Комментариев,парсер комментариев вконтакте,14,0,0,0,
101,Парсер Подарков,парсер подарков,105,0,0,0,
101,Парсер Подарков,парсер подарков телеграм,37,0,0,0,
101,Парсер Подарков,парсер тг подарков,32,0,0,0,
101,Парсер Подарков,парсер подарков телеграмм,16,0,0,0,
102,Парсер Маркетплейсов,парсер маркетплейсов,179,0,0,0,
102,Парсер Маркетплейсов,парсер маркетплейсов на python,9,0,0,0,
103,Парсер Сообщений,парсер сообщений,125,0,0,0,
103,Парсер Сообщений,парсер сообщений телеграмм,39,0,0,0,
103,Парсер Сообщений,парсер сообщений телеграм,23,0,0,0,
104,Как Работает Парсер,как работает парсер,121,0,0,0,вопрос
104,Как Работает Парсер,работающий парсер для lampa,25,0,0,0,
104,Как Работает Парсер,парсер jackett не работает,17,0,0,0,
104,Как Работает Парсер,парсер jackett для lampa не работает,12,0,0,0,
104,Как Работает Парсер,лампа не работают парсеры,11,0,0,0,
105,Парсер Для Скачивания,парсер для скачивания,78,0,0,0,
105,Парсер Для Скачивания,парсер сайт для скачивания,47,0,0,0,
105,Парсер Для Скачивания,парсер для скачивания данных с сайтов,34,0,0,0,
105,Парсер Для Скачивания,парсер для скачивания фото,18,0,0,0,Картинки
105,Парсер Для Скачивания,парсер для скачивания фото с сайта,8,0,0,0,Картинки
106,Помощь Парсер,помощь парсер,172,0,0,0,
106,Помощь Парсер,как с помощью парсера преобразовать файл xml,5,0,0,0,вопрос
107,Скрипт Парсера,скрипт парсера,160,0,0,0,
107,Скрипт Парсера,скрипт парсер сайтов,16,0,0,0,
108,Парсер Это Простым Языком,парсер это простым языком,123,0,0,0,вопрос
108,Парсер Это Простым Языком,парсер данных это,51,0,0,0,вопрос
109,Парсер На C,парсер на c,95,0,0,0,
109,Парсер На C,парсеры xml c,31,0,0,0,
109,Парсер На C,парсер файла c,19,0,0,0,
109,Парсер На C,парсер сайтов c,14,0,0,0,
109,Парсер На C,парсер xml в c design,8,0,0,0,
109,Парсер На C,как написать парсер c,7,0,0,0,вопрос
110,Парсер Email,парсер email,77,0,0,0,
110,Парсер Email,парсер email адресов,40,0,0,0,
110,Парсер Email,парсер email с сайта,28,0,0,0,
110,Парсер Email,парсер email адресов с сайта,24,0,0,0,
110,Парсер Email,бесплатный парсер email,5,0,0,0,
111,Парсер Выражения,парсер выражения,126,0,0,0,
111,Парсер Выражения,парсер регулярные выражения,26,0,0,0,
111,Парсер Выражения,парсер арифметических выражений,13,0,0,0,
111,Парсер Выражения,парсер выражений 1с,9,0,0,0,
112,Что Такое Парсер Простыми Словами,что такое парсер простыми словами,158,0,0,0,вопрос
112,Что Такое Парсер Простыми Словами,что такое морфологический парсер,13,0,0,0,вопрос
113,Парсер Выдачи,парсер выдачи,82,0,0,0,
113,Парсер Выдачи,парсер поисковой выдачи,41,0,0,0,
113,Парсер Выдачи,парсер яндекс выдача,30,0,0,0,
113,Парсер Выдачи,парсер поисковой выдачи яндекс,17,0,0,0,
114,Суперселлер Парсер,суперселлер парсер,91,0,0,0,
114,Суперселлер Парсер,суперселлер парсер авито,79,0,0,0,
115,Парсер Ватсап,парсер ватсап,101,0,0,0,
115,Парсер Ватсап,парсер ватсап групп,33,0,0,0,
115,Парсер Ватсап,парсер номеров ватсап,21,0,0,0,
115,Парсер Ватсап,парсер чатов ватсап,14,0,0,0,
116,Парсер Видео,парсер видео,139,0,0,0,видео
116,Парсер Видео,парсер вк видео,14,0,0,0,видео
116,Парсер Видео,бот парсер видео из вк в тг,7,0,0,0,видео
116,Парсер Видео,парсер видео с сайтов,7,0,0,0,видео
117,Парсеры Аккаунтов,парсеры аккаунтов,127,0,0,0,
117,Парсеры Аккаунтов,парсер инстаграм аккаунтов,32,0,0,0,
117,Парсеры Аккаунтов,парсер инстаграм аккаунтов python,7,0,0,0,
118,Парсер Работы,парсер работы,157,0,0,0,
118,Парсер Работы,принцип работы парсера,8,0,0,0,
119,Готовые Парсеры,готовые парсеры,109,0,0,0,
119,Готовые Парсеры,готовый парсер на python,26,0,0,0,
119,Готовые Парсеры,готовый парсер сайтов,16,0,0,0,
119,Готовые Парсеры,готовый парсер на питоне,7,0,0,0,
119,Готовые Парсеры,парсер персональных данных на python готовый,5,0,0,0,
120,Парсер Пайтон,парсер пайтон,131,0,0,0,
120,Парсер Пайтон,веб парсер на пайтон,20,0,0,0,
120,Парсер Пайтон,парсер ссылок на пайтон,9,0,0,0,
121,Парсер Примеры,парсер примеры,131,0,0,0,
121,Парсер Примеры,пример парсера на python,22,0,0,0,
121,Парсер Примеры,1с парсер пример,7,0,0,0,
122,Парсер Гугла,парсер гугла,120,0,0,0,
122,Парсер Гугла,парсер гугл карт,38,0,0,0,
123,Парсер Таблицы,парсер таблицы,130,0,0,0,
123,Парсер Таблицы,парсер гугл таблица,24,0,0,0,
124,Парсер Ютуб,парсер ютуб,101,0,0,0,видео
124,Парсер Ютуб,парсер ютуб каналов,24,0,0,0,видео
124,Парсер Ютуб,парсер ютуб видео,22,0,0,0,видео
124,Парсер Ютуб,парсер ссылок ютуб,6,0,0,0,видео
125,Математический Парсер,математический парсер,79,0,0,0,
125,Математический Парсер,парсер математических выражений,59,0,0,0,
125,Математический Парсер,парсер математических выражений python,14,0,0,0,
126,Парсер Каталогов,парсер каталогов,91,0,0,0,
126,Парсер Каталогов,парсер каталога товаров,30,0,0,0,
126,Парсер Каталогов,парсер каталога сайта,19,0,0,0,
126,Парсер Каталогов,парсер каталога товаров с сайта,11,0,0,0,
127,Парсер Вордстат,парсер вордстат,103,0,0,0,
127,Парсер Вордстат,парсеры яндекс вордстат,27,0,0,0,
127,Парсер Вордстат,парсер вордстат онлайн,14,0,0,0,
127,Парсер Вордстат,парсер вордстат бесплатно,6,0,0,0,
128,Парсер Ozon,парсер ozon,108,0,0,0,
128,Парсер Ozon,парсер ozon python,31,0,0,0,
128,Парсер Ozon,парсер товаров ozon из определенной категории,10,0,0,0,
129,Как Создать Парсер,как создать парсер,103,0,0,0,вопрос
129,Как Создать Парсер,создать бота парсера,24,0,0,0,
129,Как Создать Парсер,как создать парсер сайта,13,0,0,0,вопрос
129,Как Создать Парсер,как создать парсер на python,8,0,0,0,вопрос
130,Инста Парсер,инста парсер,132,0,0,0,
130,Инста Парсер,инста парсер ру,8,0,0,0,
130,Инста Парсер,инста парсер отзывы,6,0,0,0,вопрос
131,Парсер На Php,парсер на php,82,0,0,0,
131,Парсер На Php,парсер сайта на php,34,0,0,0,
131,Парсер На Php,php парсер html,12,0,0,0,
131,Парсер На Php,скачать парсер сайта на php,12,0,0,0,
131,Парсер На Php,php парсер страниц curl,6,0,0,0,
132,Парсер Строки,парсер строки,110,0,0,0,
132,Парсер Строки,парсер командной строки,24,0,0,0,
132,Парсер Строки,парсер строки c,9,0,0,0,
133,Почему Парсеры,почему парсеры,109,0,0,0,вопрос
133,Почему Парсеры,почему не работают парсеры,23,0,0,0,вопрос
133,Почему Парсеры,почему не работает турбо парсер,9,0,0,0,вопрос
134,Парсер Анализатор,парсер анализатор,87,0,0,0,
134,Парсер Анализатор,парсер анализатор авито,41,0,0,0,
134,Парсер Анализатор,парсер анализатор авито b2b,10,0,0,0,
135,Написание Парсера,написание парсера,126,0,0,0,
135,Написание Парсера,написание парсера на python,12,0,0,0,
136,Парсер Для Лампа 2024,парсер для лампа 2024,47,0,0,0,
136,Парсер Для Лампа 2024,парсер для lampa 2024,36,0,0,0,
136,Парсер Для Лампа 2024,парсер для лампы jackett 2024,13,0,0,0,
136,Парсер Для Лампа 2024,парсер не отвечает на запрос lampa 2024,10,0,0,0,
136,Парсер Для Лампа 2024,парсер для lampa jackett 2024,9,0,0,0,
136,Парсер Для Лампа 2024,ссылка на jackett lampa 2024 парсер,8,0,0,0,
136,Парсер Для Лампа 2024,ссылка парсер lampa 2024,8,0,0,0,
136,Парсер Для Лампа 2024,лампа парсеры 2024 онлайн парсер,6,0,0,0,
137,Парсер Магазинов,парсер магазинов,130,0,0,0,продающие
137,Парсер Магазинов,парсер цен магазинов,7,0,0,0,продающие
138,Парсер Сообществ,парсер сообществ,73,0,0,0,
138,Парсер Сообществ,парсер сообществ вк,35,0,0,0,
138,Парсер Сообществ,парсер сообществ вконтакте,16,0,0,0,
138,Парсер Сообществ,парсер сообществ вк бесплатно,7,0,0,0,
138,Парсер Сообществ,парсер сообществ вконтакте бесплатно,5,0,0,0,
139,Фото Парсер Вб,фото парсер вб,70,0,0,0,Картинки
139,Фото Парсер Вб,парсер для вб,43,0,0,0,
139,Фото Парсер Вб,парсер товаров вб,23,0,0,0,
140,Парсер Выгрузка Товаров,парсер выгрузка товаров,43,0,0,0,
140,Парсер Выгрузка Товаров,выгрузка товаров сайты парсеры,26,0,0,0,
140,Парсер Выгрузка Товаров,облачный парсер выгрузка,22,0,0,0,
140,Парсер Выгрузка Товаров,облачный парсер официальный сайт выгрузка,22,0,0,0,
140,Парсер Выгрузка Товаров,облачный парсер официальный сайт выгрузка товаров,22,0,0,0,
141,Парсер 2gis,парсер 2gis,110,0,0,0,
141,Парсер 2gis,парсер 2gis скачать,14,0,0,0,
141,Парсер 2gis,бесплатный парсер для 2gis,5,0,0,0,
141,Парсер 2gis,парсер 2gis онлайн,5,0,0,0,
142,Парсеры Список,парсеры список,122,0,0,0,
142,Парсеры Список,парсеры для вк список,5,0,0,0,
143,B2b Парсер,b2b парсер,87,0,0,0,
143,B2b Парсер,b2b парсер авито,40,0,0,0,
144,Кнопка Парсера,кнопка парсера,79,0,0,0,
144,Кнопка Парсера,облачный парсер кнопка,26,0,0,0,
144,Кнопка Парсера,турбо кнопка турбо парсера,21,0,0,0,
145,Парсер Jacred Xyz,парсер jacred xyz,74,0,0,0,
145,Парсер Jacred Xyz,парсер jacred xyz не отвечает на запрос,49,0,0,0,
146,Поисковый Парсер,поисковый парсер,93,0,0,0,
146,Поисковый Парсер,парсер поисковых запросов,27,0,0,0,
147,Парсер Циан,парсер циан,104,0,0,0,
147,Парсер Циан,парсер авито циан,15,0,0,0,
148,Библиотека Парсера,библиотека парсера,94,0,0,0,
148,Библиотека Парсера,библиотека парсера python,14,0,0,0,
148,Библиотека Парсера,парсер библиотеки питон,8,0,0,0,
149,Новые Парсер,новые парсер,95,0,0,0,
149,Новые Парсер,новые парсеры для лампы,11,0,0,0,
149,Новые Парсер,парсер новых объявлений авито,8,0,0,0,
150,Парсер Контента,парсер контента,100,0,0,0,
150,Парсер Контента,парсер контента телеграм,13,0,0,0,
151,Selenium Парсер,selenium парсер,83,0,0,0,
151,Selenium Парсер,парсер selenium python,28,0,0,0,
152,Парсер Заголовков,парсер заголовков,71,0,0,0,
152,Парсер Заголовков,парсер заголовков авито,39,0,0,0,
153,Используют Парсер,используют парсер,103,0,0,0,
153,Используют Парсер,для каких задач можно использовать парсер,7,0,0,0,
154,Клауд Парсер,клауд парсер,85,0,0,0,
154,Клауд Парсер,клауд парсер официальный сайт,23,0,0,0,
155,Система Парсер,система парсер,92,0,0,0,
155,Система Парсер,парсер поисковых систем,13,0,0,0,
156,Парсер Dle,парсер dle,89,0,0,0,
156,Парсер Dle,парсер контента для dle,13,0,0,0,
157,Синтаксические Парсеры,синтаксические парсеры,90,0,0,0,
157,Синтаксические Парсеры,синтаксический парсер онлайн,12,0,0,0,
158,Парсер Пеппер,парсер пеппер,53,0,0,0,
158,Парсер Пеппер,парсер пеппер ниндзя,49,0,0,0,
159,Ии Парсер,ии парсер,76,0,0,0,
159,Ии Парсер,ии парсер сайтов,19,0,0,0,
159,Ии Парсер,настройка ии для парсера,5,0,0,0,
160,Парсер Эксель,парсер эксель,84,0,0,0,
160,Парсер Эксель,парсер сайтов эксель,16,0,0,0,
161,Парсер Сети,парсер сети,79,0,0,0,
161,Парсер Сети,парсеры соц сетей,19,0,0,0,
162,Универсальный Парсер,универсальный парсер,87,0,0,0,
162,Универсальный Парсер,универсальный парсер фомул для free pascal,10,0,0,0,
163,Парсер Ру,парсер ру,83,0,0,0,
163,Парсер Ру,парсер профи ру,11,0,0,0,
164,Парсер Битрикс,парсер битрикс,89,0,0,0,
164,Парсер Битрикс,парсер товаров из битрикс ajax,5,0,0,0,
165,Парсер Компаний,парсер компаний,89,0,0,0,
165,Парсер Компаний,компания adlead парсер телефонов конкурентов,5,0,0,0,
166,Парсер Pdf,парсер pdf,71,0,0,0,
166,Парсер Pdf,парсер pdf python,13,0,0,0,
166,Парсер Pdf,парсер pdf файлов,9,0,0,0,
167,Лексер И Парсер,лексер и парсер,44,0,0,0,
167,Лексер И Парсер,парсер и сканнер,34,0,0,0,
167,Лексер И Парсер,selfparser парсер контента и торрентов для dle,7,0,0,0,
167,Лексер И Парсер,парсер чатов и групп,7,0,0,0,
168,Как Писать Парсеры,как писать парсеры,45,0,0,0,вопрос
168,Как Писать Парсеры,пишем парсер сайта,35,0,0,0,
168,Как Писать Парсеры,как писать парсеры на python,11,0,0,0,вопрос
169,Парсер На Java,парсер на java,53,0,0,0,Гео
169,Парсер На Java,парсер xml java,15,0,0,0,Гео
169,Парсер На Java,парсер логов java,13,0,0,0,Гео
169,Парсер На Java,парсер сайтов на java,10,0,0,0,Гео
170,Парсер Вернул Ошибку,парсер вернул ошибку,76,0,0,0,
170,Парсер Вернул Ошибку,парсер вернул ошибку 0xc00ce556,15,0,0,0,
171,Парсер Людей,парсер людей,82,0,0,0,
171,Парсер Людей,база людей сочи парсер 2 гис,8,0,0,0,Гео
172,Парсер Реклама,парсер реклама,72,0,0,0,
172,Парсер Реклама,парсер рекламы вк,17,0,0,0,
173,Парсер Стим,парсер стим,79,0,0,0,
173,Парсер Стим,парсер цен стим,9,0,0,0,продающие
174,Переключение Парсеров,переключение парсеров,69,0,0,0,
174,Переключение Парсеров,плагин для переключения парсеров,17,0,0,0,
175,Модуль Парсера,модуль парсера,80,0,0,0,
175,Модуль Парсера,модуль 69 парсер,6,0,0,0,
176,Парсеры Проверить,парсеры проверить,53,0,0,0,
176,Парсеры Проверить,парсер проверить позиции сайта,33,0,0,0,
177,Парсер Конфигурации,парсер конфигурации,46,0,0,0,
177,Парсер Конфигурации,ошибка парсера конфигурации,32,0,0,0,
177,Парсер Конфигурации,ошибка парсера конфигурации 0x80004005,7,0,0,0,
178,Парсер Одноклассники,парсер одноклассники,61,0,0,0,
178,Парсер Одноклассники,парсер групп одноклассники,10,0,0,0,
178,Парсер Одноклассники,облачный парсер одноклассники,8,0,0,0,
178,Парсер Одноклассники,парсер групп пользователей в одноклассниках бесплатно,5,0,0,0,
179,Lampa Какой Парсер,lampa какой парсер,42,0,0,0,
179,Lampa Какой Парсер,парсер какие есть,33,0,0,0,
179,Lampa Какой Парсер,какие бывают парсеры,7,0,0,0,
180,Парсер Это В Программировании,парсер это в программировании,43,0,0,0,вопрос
180,Парсер Это В Программировании,парсер языка программирования,39,0,0,0,
181,Superseller Парсер,superseller парсер,43,0,0,0,
181,Superseller Парсер,авито парсер superseller,39,0,0,0,
182,Парсер Авто,парсер авто,64,0,0,0,
182,Парсер Авто,парсер авто ру,16,0,0,0,
183,Парсер Гитхаб,парсер гитхаб,65,0,0,0,
183,Парсер Гитхаб,парсер авито гитхаб,14,0,0,0,
184,Парсер Резюме,парсер резюме,48,0,0,0,
184,Парсер Резюме,парсер резюме hh,19,0,0,0,
184,Парсер Резюме,парсер резюме hh ru,12,0,0,0,
185,Парсер Кс,парсер кс,56,0,0,0,
185,Парсер Кс,парсер кс 2,22,0,0,0,
186,Парсер Друзей,парсер друзей,53,0,0,0,
186,Парсер Друзей,парсер друзей вк,25,0,0,0,
187,B2b Help Парсер,b2b help парсер,46,0,0,0,
187,B2b Help Парсер,b2b help авито парсер,27,0,0,0,
187,B2b Help Парсер,парсер заголовков авито как работать b2b help,5,0,0,0,вопрос
188,Амо Парсер,амо парсер,51,0,0,0,
188,Амо Парсер,парсер амо срм,26,0,0,0,
189,Текстовый Парсер,текстовый парсер,46,0,0,0,
189,Текстовый Парсер,парсер текстовых файлов,29,0,0,0,
190,Парсер Курс,парсер курс,67,0,0,0,
190,Парсер Курс,github парсер курса цб в телеграм,7,0,0,0,
191,Парсер На Js,парсер на js,60,0,0,0,
191,Парсер На Js,парсер сайтов на js,8,0,0,0,
191,Парсер На Js,js парсер битрикс24,5,0,0,0,
192,Node Парсер,node парсер,53,0,0,0,
192,Node Парсер,парсер на node js,13,0,0,0,
192,Node Парсер,node js парсер сайтов,7,0,0,0,
193,Парсер Net,парсер net,64,0,0,0,
193,Парсер Net,парсер математических выражений net,8,0,0,0,
194,Парсер Кошельков,парсер кошельков,53,0,0,0,
194,Парсер Кошельков,парсер кошельков мем коинов,11,0,0,0,
194,Парсер Кошельков,парсер биткоин кошельков,7,0,0,0,
195,Sql Парсер,sql парсер,66,0,0,0,
195,Sql Парсер,парсер строк sql delphi,5,0,0,0,
196,Парсер Церебро,парсер церебро,63,0,0,0,
196,Парсер Церебро,церебро парсер вк,7,0,0,0,
197,Парсер Фраз,парсер фраз,53,0,0,0,
197,Парсер Фраз,парсер seed фраз,11,0,0,0,
197,Парсер Фраз,парсер ключевых фраз,6,0,0,0,
198,Парсер Заказов,парсер заказов,49,0,0,0,продающие
198,Парсер Заказов,заказать парсер,20,0,0,0,продающие
199,Какой Парсер Выбрать,какой парсер выбрать,44,0,0,0,
199,Какой Парсер Выбрать,какой парсер выбрать для lampa,25,0,0,0,
200,Парсер Avito,парсер avito,56,0,0,0,
200,Парсер Avito,парсер avito на python,13,0,0,0,
201,Днс Парсер,днс парсер,54,0,0,0,
201,Днс Парсер,парсер днс уценка,15,0,0,0,
202,Парсер Россия,парсер россия,44,0,0,0,Гео
202,Парсер Россия,парсер почты россии,15,0,0,0,Гео
202,Парсер Россия,парсер отслеживание почты россии,9,0,0,0,Гео
203,Парсер Джейсон,парсер джейсон,52,0,0,0,
203,Парсер Джейсон,джейсон парсер онлайн,16,0,0,0,
204,Тип Парсера Для Торрентов,тип парсера для торрентов,32,0,0,0,
204,Тип Парсера Для Торрентов,тип парсера для торрентов lampa,22,0,0,0,
204,Тип Парсера Для Торрентов,тип парсера jacket,13,0,0,0,
205,Актуальный Парсер,актуальный парсер,42,0,0,0,
205,Актуальный Парсер,lampa актуальный парсер,15,0,0,0,
205,Актуальный Парсер,актуальные парсеры для лампы,10,0,0,0,
206,Парсер Кинопоиска,парсер кинопоиска,47,0,0,0,
206,Парсер Кинопоиска,онлайн парсер актеров с кинопоиска,11,0,0,0,
206,Парсер Кинопоиска,dle парсер кинопоиск,7,0,0,0,
207,Парсер Для Браузера,парсер для браузера,41,0,0,0,
207,Парсер Для Браузера,парсер расширение браузера,24,0,0,0,
208,Парсер Игры,парсер игры,52,0,0,0,
208,Парсер Игры,парсер для краш игр,13,0,0,0,
209,Парсер Для Сп,парсер для сп,53,0,0,0,
209,Парсер Для Сп,сп парсер бесплатно,11,0,0,0,
209,Парсер Для Сп,парсер плюс сп,1,0,0,0,
210,Парсер Id,парсер id,58,0,0,0,
210,Парсер Id,парсер id пользователей вконтакте,7,0,0,0,
211,Начинающий Парсер,начинающий парсер,40,0,0,0,
211,Начинающий Парсер,парсер на питоне для начинающих,13,0,0,0,
211,Начинающий Парсер,как написать парсер на python для начинающих,12,0,0,0,вопрос
212,Новостной Парсер,новостной парсер,53,0,0,0,
212,Новостной Парсер,парсер новостных сайтов,11,0,0,0,
213,Парсер Фриланс,парсер фриланс,54,0,0,0,
213,Парсер Фриланс,фриланс купить парсер сайта,10,0,0,0,продающие
214,Парсер Любого Сайта,парсер любого сайта,45,0,0,0,
214,Парсер Любого Сайта,парсер товаров с любого сайта бесплатно,18,0,0,0,
215,Парсер Организаций,парсер организаций,49,0,0,0,
215,Парсер Организаций,парсер организаций с яндекс карт,14,0,0,0,
216,Переключение Между Парсерами,переключение между парсерами,41,0,0,0,
216,Переключение Между Парсерами,плагин переключения между парсерами,20,0,0,0,
217,Парсер Изображений,парсер изображений,49,0,0,0,Картинки
217,Парсер Изображений,парсер изображений с сайта,11,0,0,0,Картинки
218,Парсер Инн,парсер инн,52,0,0,0,
218,Парсер Инн,парсер инн excel,7,0,0,0,
219,Парсер Директа,парсер директа,36,0,0,0,
219,Парсер Директа,парсер яндекс директ,23,0,0,0,
220,Зачем Нужны Парсеры,зачем нужны парсеры,35,0,0,0,
220,Зачем Нужны Парсеры,для чего нужен парсер,24,0,0,0,
221,Парсер Мтс,парсер мтс,40,0,0,0,
221,Парсер Мтс,парсер мтс номеров,19,0,0,0,
222,Парсер Скинов,парсер скинов,51,0,0,0,
222,Парсер Скинов,как создать свой парсер скинов стим,8,0,0,0,вопрос
223,Парсер Доменов,парсер доменов,43,0,0,0,
223,Парсер Доменов,парсер брошенных доменов,15,0,0,0,
224,Парсер Ninja,парсер ninja,29,0,0,0,
224,Парсер Ninja,pepper ninja парсер,19,0,0,0,
224,Парсер Ninja,paper ninja парсер,9,0,0,0,
225,Парсер Значение,парсер значение,49,0,0,0,вопрос
225,Парсер Значение,парсер mxl в дерево значений,8,0,0,0,вопрос
226,Парсер Youtube,парсер youtube,52,0,0,0,видео
226,Парсер Youtube,лидогенерация youtube контакты парсер,5,0,0,0,видео
227,Услуги Парсера,услуги парсера,42,0,0,0,
227,Услуги Парсера,парсер яндекс услуг,14,0,0,0,
228,Телефонная Парсер,телефонная парсер,30,0,0,0,
228,Телефонная Парсер,парсер телефонных номеров,26,0,0,0,
229,Парсер Емейлов,парсер емейлов,35,0,0,0,
229,Парсер Емейлов,парсер емейл адресов,10,0,0,0,
229,Парсер Емейлов,парсер емейлов с сайта онлайн,6,0,0,0,
229,Парсер Емейлов,бесплатный парсер емейл адресов,5,0,0,0,
230,Requests Парсер,requests парсер,40,0,0,0,
230,Requests Парсер,request python парсер,16,0,0,0,
231,Парсер Datacol,парсер datacol,48,0,0,0,
231,Парсер Datacol,datacol 7.30 парсер nulled,7,0,0,0,
232,Парсер Ставок,парсер ставок,45,0,0,0,
232,Парсер Ставок,написать бот парсер ставки,10,0,0,0,
233,Парсеры Статей,парсеры статей,44,0,0,0,
233,Парсеры Статей,парсер научных статей,10,0,0,0,
234,Парсер Тк,парсер тк,27,0,0,0,
234,Парсер Тк,парсер тк садовод,26,0,0,0,
235,Парсер Ip,парсер ip,43,0,0,0,
235,Парсер Ip,парсер wialon ips скачать,5,0,0,0,
235,Парсер Ip,парсеры для lampa ip адрес,5,0,0,0,
236,Парсер Проверки,парсер проверки,44,0,0,0,
236,Парсер Проверки,сайт для проверки парсера,8,0,0,0,
237,Этажи Парсер,этажи парсер,28,0,0,0,
237,Этажи Парсер,робин гуд парсер этажи,23,0,0,0,
238,Барков Нет Парсер,барков нет парсер,41,0,0,0,
238,Барков Нет Парсер,нет парсера в приложении лампа,10,0,0,0,
239,X Парсер,x парсер,36,0,0,0,
239,X Парсер,media station x парсер,15,0,0,0,
240,Парсеры Instagram,парсеры instagram,40,0,0,0,
240,Парсеры Instagram,парсер подписчиков instagram,10,0,0,0,
241,Селлер Парсер,селлер парсер,34,0,0,0,
241,Селлер Парсер,супер селлер парсер,16,0,0,0,
242,Основные Инструменты Парсера,основные инструменты парсера,30,0,0,0,
242,Основные Инструменты Парсера,какими основными инструментами парсера вы пользуетесь,19,0,0,0,
243,Сегменто Парсер,сегменто парсер,27,0,0,0,
243,Сегменто Парсер,парсер сегменто таргет,22,0,0,0,
244,Публичные Парсеры,публичные парсеры,34,0,0,0,
244,Публичные Парсеры,публичные парсеры для lampa,10,0,0,0,
244,Публичные Парсеры,публичные парсеры лампа,5,0,0,0,
245,Зомби Парсер,зомби парсер,38,0,0,0,
245,Зомби Парсер,скачать зомби парсер,10,0,0,0,
246,Парсер Про,парсер про,41,0,0,0,
246,Парсер Про,парсер сайта лемано про,6,0,0,0,
247,Lampa Tv Парсеры,lampa tv парсеры,39,0,0,0,
247,Lampa Tv Парсеры,lampa tv настройка парсера,8,0,0,0,
248,Парсер Txt,парсер txt,30,0,0,0,
248,Парсер Txt,парсер txt файлов,16,0,0,0,
249,Парсер Продаж,парсер продаж,38,0,0,0,
249,Парсер Продаж,продать парсер,8,0,0,0,продающие
250,Парсер Собственников,парсер собственников,29,0,0,0,
250,Парсер Собственников,парсер недвижимости от собственников,17,0,0,0,
251,Парсер Вход,парсер вход,39,0,0,0,
251,Парсер Вход,парсер 4 плюс вход,7,0,0,0,
252,Слиза Парсер,слиза парсер,38,0,0,0,
252,Слиза Парсер,слиза парсер для сп,6,0,0,0,
253,Парсер Beautifulsoup,парсер beautifulsoup,36,0,0,0,
253,Парсер Beautifulsoup,парсер python beautifulsoup,8,0,0,0,
254,Hunter Парсер,hunter парсер,25,0,0,0,Гео
254,Hunter Парсер,парсер target hunter,18,0,0,0,Гео
255,Парсер Online,парсер online,30,0,0,0,
255,Парсер Online,парсер json online,13,0,0,0,
256,Как Настроить Парсер Для Lampa,как настроить парсер для lampa,18,0,0,0,вопрос
256,Как Настроить Парсер Для Lampa,как настроить парсер в лампе,15,0,0,0,вопрос
256,Как Настроить Парсер Для Lampa,как настроить парсер для lampa 2024,10,0,0,0,вопрос
257,Парсер Opencart,парсер opencart,33,0,0,0,
257,Парсер Opencart,json парсер opencart,9,0,0,0,
258,Парсер Валют,парсер валют,24,0,0,0,
258,Парсер Валют,парсер курса валют,18,0,0,0,
259,Парсер Whatsapp,парсер whatsapp,36,0,0,0,
259,Парсер Whatsapp,парсер из комментариев youtube whatsapp,6,0,0,0,видео
260,Парсер Социальных Сетей,парсер социальных сетей,31,0,0,0,
260,Парсер Социальных Сетей,парсер групп в социальных сетей,11,0,0,0,
261,Парсер Чекер,парсер чекер,35,0,0,0,
261,Парсер Чекер,прокси хватит на всех парсер чекер,7,0,0,0,
262,Gis Парсер,gis парсер,20,0,0,0,
262,Gis Парсер,парсер 2 gis,20,0,0,0,
263,Сотбит Парсер,сотбит парсер,27,0,0,0,
263,Сотбит Парсер,сотбит парсер контента,13,0,0,0,
264,Парсер Для Покупок,парсер для покупок,24,0,0,0,продающие
264,Парсер Для Покупок,парсер для совместных покупок,15,0,0,0,продающие
265,Парсеры Vba,парсеры vba,32,0,0,0,
265,Парсеры Vba,парсер excel vba,7,0,0,0,
266,Парсер Писем,парсер писем,33,0,0,0,
266,Парсер Писем,парсер писем для gmail,5,0,0,0,
267,Парсер Коэффициентов,парсер коэффициентов,23,0,0,0,
267,Парсер Коэффициентов,парсер букмекерских коэффициентов,14,0,0,0,
268,Парсер Площадок,парсер площадок,25,0,0,0,
268,Парсер Площадок,парсер торговых площадок,12,0,0,0,
269,Быстрый Парсер,быстрый парсер,32,0,0,0,Гео
269,Быстрый Парсер,самый быстрый парсер,5,0,0,0,Гео
270,Парсер Хх,парсер хх,29,0,0,0,
270,Парсер Хх,парсер хх ру,8,0,0,0,
271,Парсер Prowlarr,парсер prowlarr,27,0,0,0,
271,Парсер Prowlarr,парсер prowlarr ссылка,10,0,0,0,
272,Sax Парсер,sax парсер,28,0,0,0,
272,Sax Парсер,sax парсер xml,8,0,0,0,
273,Парсер Порно,парсер порно,29,0,0,0,
273,Парсер Порно,торрент парсеры порно lampa,7,0,0,0,
274,Парсер Музыки,парсер музыки,30,0,0,0,
274,Парсер Музыки,парсер яндекс музыки,6,0,0,0,
275,Парсер Для Лампа Тв,парсер для лампа тв,21,0,0,0,
275,Парсер Для Лампа Тв,лампа тв настройка парсера,14,0,0,0,
276,Парсеры Емайл,парсеры емайл,21,0,0,0,
276,Парсеры Емайл,парсер емайл адресов,14,0,0,0,
277,Какой Парсер Лучше,какой парсер лучше,28,0,0,0,
277,Какой Парсер Лучше,какой парсер выбрать для lampa лучше,7,0,0,0,
278,Парсер Вернул Ошибку 0x80004005,парсер вернул ошибку 0x80004005,25,0,0,0,
278,Парсер Вернул Ошибку 0x80004005,ошибка при разборе парсер вернул ошибку 0x80004005,10,0,0,0,
279,Парсер Jac,парсер jac,26,0,0,0,
279,Парсер Jac,парсер не отвечает на запрос jac red,8,0,0,0,
280,Переключение Парсеров Для Лампы,переключение парсеров для лампы,16,0,0,0,
280,Переключение Парсеров Для Лампы,лампа плагин переключение парсеров,11,0,0,0,
280,Переключение Парсеров Для Лампы,переключение между парсерами в лампе,7,0,0,0,
281,Парсер Фото Из Пинтерест,парсер фото из пинтерест,13,0,0,0,Картинки
281,Парсер Фото Из Пинтерест,парсер из окна,8,0,0,0,
281,Парсер Фото Из Пинтерест,парсер файлов из чатов телеграм,7,0,0,0,
281,Парсер Фото Из Пинтерест,парсер фото вконтакте из альбома,6,0,0,0,Картинки
282,Парсер Автозапчастей,парсер автозапчастей,29,0,0,0,
282,Парсер Автозапчастей,парсер цен автозапчастей интернет магазинов,5,0,0,0,продающие
283,Парсер Вордпресс,парсер вордпресс,29,0,0,0,
283,Парсер Вордпресс,парсер для вордпресс плагин,5,0,0,0,
284,Парсер Хабра,парсер хабра,25,0,0,0,
284,Парсер Хабра,хабр парсер sima land,9,0,0,0,
285,Парсер Chrome,парсер chrome,25,0,0,0,
285,Парсер Chrome,расширения для chrome парсер,9,0,0,0,
286,Грабли Парсер,грабли парсер,25,0,0,0,
286,Грабли Парсер,грабли парсер бесплатно,8,0,0,0,
287,Парсер Алиэкспресс,парсер алиэкспресс,24,0,0,0,
287,Парсер Алиэкспресс,парсер алиэкспресс на python,9,0,0,0,
288,Парсер Букмекерских Контор,парсер букмекерских контор,22,0,0,0,
288,Парсер Букмекерских Контор,парсер коэффициентов букмекерских контор,11,0,0,0,
289,Парсер Подсказок,парсер подсказок,26,0,0,0,
289,Парсер Подсказок,парсер подсказок на авито,6,0,0,0,
290,Парсер Граббер,парсер граббер,22,0,0,0,
290,Парсер Граббер,telegram граббер парсер постов,10,0,0,0,
291,Инструкция Парсера,инструкция парсера,24,0,0,0,
291,Инструкция Парсера,написать парсер на python пошаговая инструкция,8,0,0,0,
292,Динамический Парсер,динамический парсер,25,0,0,0,
292,Динамический Парсер,парсер динамических сайтов,7,0,0,0,
293,Барков Парсер Отзывы,барков парсер отзывы,18,0,0,0,вопрос
293,Барков Парсер Отзывы,барков вк парсер,13,0,0,0,
294,Парсер Кс2,парсер кс2,22,0,0,0,
294,Парсер Кс2,парсер скинов кс2,9,0,0,0,
295,Парсер Скриншотов,парсер скриншотов,18,0,0,0,
295,Парсер Скриншотов,парсер скриншотов lightshot,13,0,0,0,
296,Парсер Mail,парсер mail,25,0,0,0,
296,Парсер Mail,парсеры mail ru,6,0,0,0,
297,Парсер Погоды,парсер погоды,27,0,0,0,
297,Парсер Погоды,парсер погоды на python,3,0,0,0,
298,Парсер Скачать Торрент,парсер скачать торрент,24,0,0,0,
298,Парсер Скачать Торрент,скачать программу парсер телеграмм каналов торрент,6,0,0,0,видео
299,Lampa Переключение Парсеров,lampa переключение парсеров,22,0,0,0,
299,Lampa Переключение Парсеров,каталог парсеров lampa,8,0,0,0,
300,Xpath Парсер,xpath парсер,22,0,0,0,
300,Xpath Парсер,парсер python по xpath,7,0,0,0,
301,Парсер Для Wordpress,парсер для wordpress,22,0,0,0,
301,Парсер Для Wordpress,wordpress парсер записей,7,0,0,0,
302,Crossout Парсер,crossout парсер,14,0,0,0,
302,Crossout Парсер,парсер логов crossout,14,0,0,0,
303,Парсер Сайта Houzz,парсер сайта houzz,17,0,0,0,
303,Парсер Сайта Houzz,парсер сайта houzz ru,10,0,0,0,
304,Lampa Переключение Парсеров Плагин,lampa переключение парсеров плагин,15,0,0,0,
304,Lampa Переключение Парсеров Плагин,lampa плагин переключение между парсерами,12,0,0,0,
305,Парсер Помощник,парсер помощник,13,0,0,0,
305,Парсер Помощник,сп помощник парсер,13,0,0,0,
306,Ку Парсер,ку парсер,14,0,0,0,
306,Ку Парсер,парсеры ок,12,0,0,0,
307,Парсер Таргет Культиватор,парсер таргет культиватор,14,0,0,0,
307,Парсер Таргет Культиватор,таргет культиватор парсер вконтакте,11,0,0,0,
308,Парсер С Нуля,парсер с нуля,16,0,0,0,
308,Парсер С Нуля,парсер на python с нуля,9,0,0,0,
309,Парсер Рассел,парсер рассел,14,0,0,0,
309,Парсер Рассел,парсер рассел терьер,10,0,0,0,
310,Парсер На Golang,парсер на golang,14,0,0,0,
310,Парсер На Golang,golang парсер озон,10,0,0,0,
311,Парсер Кино,парсер кино,18,0,0,0,видео
311,Парсер Кино,парсеры для просмотра кино в форкплеере,5,0,0,0,видео
312,Переключение Между Парсерами Lampa,переключение между парсерами lampa,14,0,0,0,
312,Переключение Между Парсерами Lampa,переключать между парсерами адрес для lampa,9,0,0,0,
313,Шеннон Парсер,шеннон парсер,16,0,0,0,
313,Шеннон Парсер,шеннон парсер ривердейл,6,0,0,0,
314,Парсер Кэшбэк,парсер кэшбэк,15,0,0,0,
314,Парсер Кэшбэк,парсер мегамаркет кэшбэк,6,0,0,0,
315,Парсер Поисковиков,парсер поисковиков,16,0,0,0,
315,Парсер Поисковиков,серверный парсер поисковиков,5,0,0,0,
316,Парсер Сима,парсер сима,10,0,0,0,Гео
316,Парсер Сима,парсер сима ленд,10,0,0,0,Гео
317,Парсер Кс Го,парсер кс го,15,0,0,0,
317,Парсер Кс Го,обзор парсера на кс го,5,0,0,0,вопрос
318,Парсер Пингвин,парсер пингвин,12,0,0,0,
318,Парсер Пингвин,парсер пингвин как выгружать фото,8,0,0,0,"вопрос,Картинки"
319,Ледяной Парсер,ледяной парсер,10,0,0,0,
319,Ледяной Парсер,ледяной парсер мм2,8,0,0,0,
320,Реестр Объектов Жилищного Фонда Парсер,реестр объектов жилищного фонда парсер,11,0,0,0,
320,Реестр Объектов Жилищного Фонда Парсер,парсер объектов недвижимости,7,0,0,0,
321,Облачный Парсер Походящий Константин Геннадьевич,облачный парсер походящий константин геннадьевич,12,0,0,0,
321,Облачный Парсер Походящий Константин Геннадьевич,облачный парсер ип походящий константин геннадьевич,5,0,0,0,
322,Парсер Не Отвечает На Запрос Torrserve,парсер не отвечает на запрос torrserve,12,0,0,0,
322,Парсер Не Отвечает На Запрос Torrserve,torrserve парсер не отвечает на запрос lampa,5,0,0,0,
323,Как Добавить Парсер В Lampa,как добавить парсер в lampa,10,0,0,0,вопрос
323,Как Добавить Парсер В Lampa,лампа как добавить парсер,6,0,0,0,вопрос
324,Универсальный Парсер Формул На Паскале,универсальный парсер формул на паскале,11,0,0,0,
324,Универсальный Парсер Формул На Паскале,компонентный паскаль парсер,5,0,0,0,
325,Парсер Досок,парсер досок,9,0,0,0,
325,Парсер Досок,парсер досок объявлений,7,0,0,0,
326,Удаление Фото Через Парсер,удаление фото через парсер,9,0,0,0,Картинки
326,Удаление Фото Через Парсер,анализ конкурентов в авито через парсер,5,0,0,0,
327,Парсер С Zakupki Gov Ru,парсер с zakupki gov ru,8,0,0,0,
327,Парсер С Zakupki Gov Ru,парсер сайта zakupki gov ru,5,0,0,0,
328,Парсер Для Опенкарт,парсер для опенкарт,7,0,0,0,
328,Парсер Для Опенкарт,модуль парсер опенкарт по апи,5,0,0,0,
329,Парсер 4 V Плюс,парсер 4 v плюс,6,0,0,0,
329,Парсер 4 V Плюс,сид парсер v 0.1 0 by takeoutone,5,0,0,0,
330,Бесплатный Хостинг Для Парсера,бесплатный хостинг для парсера,5,0,0,0,
330,Бесплатный Хостинг Для Парсера,хостинг под парсер,5,0,0,0,
331,Tonnel Relayer Bot Парсер,tonnel relayer bot парсер,5,0,0,0,
331,Tonnel Relayer Bot Парсер,парсер дневника github bot,5,0,0,0,
332,Telegram Граббер Парсер Постов Фильтры,telegram граббер парсер постов фильтры,5,0,0,0,
332,Telegram Граббер Парсер Постов Фильтры,парсер аудитории инстаграм по фильтрам,5,0,0,0,
